Brand,Model,Sex,Size,Quantity,Colour_Code
Asics,Gel-Kayano,Male,7,10,BLK/WHT
Asics,Gel-Kayano,Male,7,10,GRY/RED
Asics,Gel-Kayano,Male,7.5,10,BLK/WHT
Asics,Gel-Kayano,Male,7.5,10,GRY/RED
Asics,Gel-Kayano,Male,8,10,BLK/WHT
Asics,Gel-Kayano,Male,8,10,GRY/RED
Asics,Gel-Kayano,Male,8.5,10,BLK/WHT
Asics,Gel-Kayano,Male,8.5,10,GRY/RED
Asics,Gel-Kayano,Male,9,10,BLK/WHT
Asics,Gel-Kayano,Male,9,10,GRY/RED
Asics,Gel-Kayano,Male,9.5,10,BLK/WHT
Asics,Gel-Kayano,Male,9.5,10,GRY/RED
Asics,Gel-Kayano,Male,10,10,BLK/WHT
Asics,Gel-Kayano,Male,10,10,GRY/RED
Asics,Gel-Kayano,Male,10.5,10,BLK/WHT
Asics,Gel-Kayano,Male,10.5,10,GRY/RED
Asics,Gel-Kayano,Male,11,10,BLK/WHT
Asics,Gel-Kayano,Male,11,10,GRY/RED
Asics,Gel-Kayano,Male,11.5,10,BLK/WHT
Asics,Gel-Kayano,Male,11.5,10,GRY/RED
Asics,Gel-Kayano,Male,12,10,BLK/WHT
Asics,Gel-Kayano,Male,12,10,GRY/RED
Asics,Gel-Kayano,Female,5,10,PNK/GLD
Asics,Gel-Kayano,Female,5,10,BLK/WHT
Asics,Gel-Kayano,Female,5.5,10,PNK/GLD
Asics,Gel-Kayano,Female,5.5,10,BLK/WHT
Asics,Gel-Kayano,Female,6,10,PNK/GLD
Asics,Gel-Kayano,Female,6,10,BLK/WHT
Asics,Gel-Kayano,Female,6.5,10,PNK/GLD
Asics,Gel-Kayano,Female,6.5,10,BLK/WHT
Asics,Gel-Kayano,Female,7,10,PNK/GLD
Asics,Gel-Kayano,Female,7,10,BLK/WHT
Asics,Gel-Kayano,Female,7.5,10,PNK/GLD
Asics,Gel-Kayano,Female,7.5,10,BLK/WHT
Asics,Gel-Kayano,Female,8,10,PNK/GLD
Asics,Gel-Kayano,Female,8,10,BLK/WHT
Asics,Gel-Kayano,Female,8.5,10,PNK/GLD
Asics,Gel-Kayano,Female,8.5,10,BLK/WHT
Asics,Gel-Kayano,Female,9,10,PNK/GLD
Asics,Gel-Kayano,Female,9,10,BLK/WHT
Asics,Metaracer,Unisex,6,10,BLK/SLV
Asics,Metaracer,Unisex,6,10,BLU/WHT
Asics,Metaracer,Unisex,6.5,10,BLK/SLV
Asics,Metaracer,Unisex,6.5,10,BLU/WHT
Asics,Metaracer,Unisex,7,10,BLK/SLV
Asics,Metaracer,Unisex,7,10,BLU/WHT
Asics,Metaracer,Unisex,7.5,10,BLK/SLV
Asics,Metaracer,Unisex,7.5,10,BLU/WHT
Asics,Metaracer,Unisex,8,10,BLK/SLV
Asics,Metaracer,Unisex,8,10,BLU/WHT
Asics,Metaracer,Unisex,8.5,10,BLK/SLV
Asics,Metaracer,Unisex,8.5,10,BLU/WHT
Asics,Metaracer,Unisex,9,10,BLK/SLV
Asics,Metaracer,Unisex,9,10,BLU/WHT
Asics,Metaracer,Unisex,9.5,10,BLK/SLV
Asics,Metaracer,Unisex,9.5,10,BLU/WHT
Asics,Metaracer,Unisex,10,10,BLK/SLV
Asics,Metaracer,Unisex,10,10,BLU/WHT
Asics,Metaracer,Unisex,10.5,10,BLK/SLV
Asics,Metaracer,Unisex,10.5,10,BLU/WHT
Asics,Metaracer,Unisex,11,10,BLK/SLV
Asics,Metaracer,Unisex,11,10,BLU/WHT
Adidas,Adistar BYD,,8.5,,
Adidas,Adistar BYD,,8.5,,
Adidas,Adistar BYD,,9,,
Adidas,Adistar BYD,,9,,
Adidas,Adistar BYD,,9.5,,
Adidas,Adistar BYD,,9.5,,
Adidas,Adistar BYD,,10,,
Adidas,Adistar BYD,,10,,
Adidas,Adistar BYD,,10.5,,
Adidas,Adistar BYD,,10.5,,
Adidas,Adistar BYD,,11,,
Adidas,Adistar BYD,,11,,
Adidas,,,,,
Adidas,,,,,
Adidas,,,,,
Adidas,,,,,
Adidas,,,,,
Adidas,,,,,
Adidas,,,,,
Adidas,,,,,
Adidas,,,,,
